institution,source,member,siconc_grid,experiment,year,summer_min_time,summer_min_month,summer_min_sia_Mkm2,piControl_mean_summer_min_sia_Mkm2,piControl_std_summer_min_sia_Mkm2,summer_min_sia_anom_Mkm2
MRI,MRI-ESM2-0,r1i1p1f1,gn,ssp370,2015,2015-09,9,2.1768488051838717,5.113687204664268,0.5211176750273093,-2.9368383994803966
MRI,MRI-ESM2-0,r1i1p1f1,gn,ssp370,2016,2016-09,9,1.6996285106781115,5.113687204664268,0.5211176750273093,-3.414058693986157
MRI,MRI-ESM2-0,r1i1p1f1,gn,ssp370,2017,2017-09,9,1.859169964879922,5.113687204664268,0.5211176750273093,-3.254517239784346
MRI,MRI-ESM2-0,r1i1p1f1,gn,ssp370,2018,2018-09,9,2.5466502372174453,5.113687204664268,0.5211176750273093,-2.567036967446823
MRI,MRI-ESM2-0,r1i1p1f1,gn,ssp370,2019,2019-09,9,3.491752761625437,5.113687204664268,0.5211176750273093,-1.6219344430388314
MRI,MRI-ESM2-0,r1i1p1f1,gn,ssp370,2020,2020-09,9,2.9287799609787775,5.113687204664268,0.5211176750273093,-2.184907243685491
MRI,MRI-ESM2-0,r1i1p1f1,gn,ssp370,2021,2021-09,9,3.1460305025891717,5.113687204664268,0.5211176750273093,-1.9676567020750966
MRI,MRI-ESM2-0,r1i1p1f1,gn,ssp370,2022,2022-09,9,2.446628046838884,5.113687204664268,0.5211176750273093,-2.6670591578253844
MRI,MRI-ESM2-0,r1i1p1f1,gn,ssp370,2023,2023-09,9,3.077039239921394,5.113687204664268,0.5211176750273093,-2.0366479647428744
MRI,MRI-ESM2-0,r1i1p1f1,gn,ssp370,2024,2024-09,9,2.275886570052518,5.113687204664268,0.5211176750273093,-2.8378006346117504
MRI,MRI-ESM2-0,r1i1p1f1,gn,ssp370,2025,2025-09,9,2.425577467150072,5.113687204664268,0.5211176750273093,-2.6881097375141962
MRI,MRI-ESM2-0,r1i1p1f1,gn,ssp370,2026,2026-09,9,0.9523026740395116,5.113687204664268,0.5211176750273093,-4.1613845306247566
MRI,MRI-ESM2-0,r1i1p1f1,gn,ssp370,2027,2027-09,9,1.187686491985249,5.113687204664268,0.5211176750273093,-3.926000712679019
MRI,MRI-ESM2-0,r1i1p1f1,gn,ssp370,2028,2028-09,9,1.4857277670307305,5.113687204664268,0.5211176750273093,-3.627959437633538
MRI,MRI-ESM2-0,r1i1p1f1,gn,ssp370,2029,2029-09,9,1.1531597539412861,5.113687204664268,0.5211176750273093,-3.9605274507229824
MRI,MRI-ESM2-0,r1i1p1f1,gn,ssp370,2030,2030-09,9,0.7901559562378521,5.113687204664268,0.5211176750273093,-4.323531248426416
MRI,MRI-ESM2-0,r1i1p1f1,gn,ssp370,2031,2031-09,9,0.660521750964434,5.113687204664268,0.5211176750273093,-4.453165453699834
MRI,MRI-ESM2-0,r1i1p1f1,gn,ssp370,2032,2032-09,9,0.7668200631912327,5.113687204664268,0.5211176750273093,-4.3468671414730355
MRI,MRI-ESM2-0,r1i1p1f1,gn,ssp370,2033,2033-09,9,1.5025531051619587,5.113687204664268,0.5211176750273093,-3.6111340995023093
MRI,MRI-ESM2-0,r1i1p1f1,gn,ssp370,2034,2034-09,9,0.9864463540519435,5.113687204664268,0.5211176750273093,-4.127240850612325
MRI,MRI-ESM2-0,r1i1p1f1,gn,ssp370,2035,2035-09,9,1.9291756619145453,5.113687204664268,0.5211176750273093,-3.184511542749723
MRI,MRI-ESM2-0,r1i1p1f1,gn,ssp370,2036,2036-09,9,1.9459886001163191,5.113687204664268,0.5211176750273093,-3.167698604547949
MRI,MRI-ESM2-0,r1i1p1f1,gn,ssp370,2037,2037-09,9,1.7431958324427828,5.113687204664268,0.5211176750273093,-3.3704913722214855
MRI,MRI-ESM2-0,r1i1p1f1,gn,ssp370,2038,2038-09,9,1.7056169177566225,5.113687204664268,0.5211176750273093,-3.4080702869076456
MRI,MRI-ESM2-0,r1i1p1f1,gn,ssp370,2039,2039-09,9,0.7861367375816514,5.113687204664268,0.5211176750273093,-4.327550467082617
MRI,MRI-ESM2-0,r1i1p1f1,gn,ssp370,2040,2040-09,9,0.4273615582372354,5.113687204664268,0.5211176750273093,-4.686325646427033
MRI,MRI-ESM2-0,r1i1p1f1,gn,ssp370,2041,2041-09,9,1.2147771436503183,5.113687204664268,0.5211176750273093,-3.89891006101395
MRI,MRI-ESM2-0,r1i1p1f1,gn,ssp370,2042,2042-09,9,1.202638181145664,5.113687204664268,0.5211176750273093,-3.911049023518604
MRI,MRI-ESM2-0,r1i1p1f1,gn,ssp370,2043,2043-09,9,0.2275083205094448,5.113687204664268,0.5211176750273093,-4.886178884154823
MRI,MRI-ESM2-0,r1i1p1f1,gn,ssp370,2044,2044-09,9,0.829051500091401,5.113687204664268,0.5211176750273093,-4.284635704572867
MRI,MRI-ESM2-0,r1i1p1f1,gn,ssp370,2045,2045-09,9,1.160121872833229,5.113687204664268,0.5211176750273093,-3.9535653318310393
MRI,MRI-ESM2-0,r1i1p1f1,gn,ssp370,2046,2046-09,9,0.20793734050652513,5.113687204664268,0.5211176750273093,-4.905749864157743
MRI,MRI-ESM2-0,r1i1p1f1,gn,ssp370,2047,2047-09,9,0.9307438597144561,5.113687204664268,0.5211176750273093,-4.182943344949813
MRI,MRI-ESM2-0,r1i1p1f1,gn,ssp370,2048,2048-09,9,0.3414013996340558,5.113687204664268,0.5211176750273093,-4.772285805030212
MRI,MRI-ESM2-0,r1i1p1f1,gn,ssp370,2049,2049-09,9,0.2660263299157542,5.113687204664268,0.5211176750273093,-4.847660874748514
MRI,MRI-ESM2-0,r1i1p1f1,gn,ssp370,2050,2050-09,9,0.3117903352858254,5.113687204664268,0.5211176750273093,-4.801896869378443
MRI,MRI-ESM2-0,r1i1p1f1,gn,ssp370,2051,2051-09,9,0.14742178056767538,5.113687204664268,0.5211176750273093,-4.966265424096593
MRI,MRI-ESM2-0,r1i1p1f1,gn,ssp370,2052,2052-09,9,0.04985950722732576,5.113687204664268,0.5211176750273093,-5.063827697436943
MRI,MRI-ESM2-0,r1i1p1f1,gn,ssp370,2053,2053-09,9,0.08776772539006952,5.113687204664268,0.5211176750273093,-5.025919479274199
MRI,MRI-ESM2-0,r1i1p1f1,gn,ssp370,2054,2054-09,9,0.05151489916880586,5.113687204664268,0.5211176750273093,-5.062172305495462
MRI,MRI-ESM2-0,r1i1p1f1,gn,ssp370,2055,2055-09,9,0.04900041892535541,5.113687204664268,0.5211176750273093,-5.064686785738913
MRI,MRI-ESM2-0,r1i1p1f1,gn,ssp370,2056,2056-09,9,0.12320943421306527,5.113687204664268,0.5211176750273093,-4.990477770451203
MRI,MRI-ESM2-0,r1i1p1f1,gn,ssp370,2057,2057-09,9,0.3007135763587859,5.113687204664268,0.5211176750273093,-4.812973628305483
MRI,MRI-ESM2-0,r1i1p1f1,gn,ssp370,2058,2058-09,9,0.09558950612247925,5.113687204664268,0.5211176750273093,-5.018097698541789
MRI,MRI-ESM2-0,r1i1p1f1,gn,ssp370,2059,2059-09,9,0.45386384185157697,5.113687204664268,0.5211176750273093,-4.659823362812691
MRI,MRI-ESM2-0,r1i1p1f1,gn,ssp370,2060,2060-09,9,0.09178685237330687,5.113687204664268,0.5211176750273093,-5.021900352290961
MRI,MRI-ESM2-0,r1i1p1f1,gn,ssp370,2061,2061-09,9,0.24909886843183943,5.113687204664268,0.5211176750273093,-4.864588336232429
MRI,MRI-ESM2-0,r1i1p1f1,gn,ssp370,2062,2062-09,9,0.043721536804208185,5.113687204664268,0.5211176750273093,-5.06996566786006
MRI,MRI-ESM2-0,r1i1p1f1,gn,ssp370,2063,2063-09,9,0.043711612010623915,5.113687204664268,0.5211176750273093,-5.069975592653645
MRI,MRI-ESM2-0,r1i1p1f1,gn,ssp370,2064,2064-09,9,0.052126450433543366,5.113687204664268,0.5211176750273093,-5.061560754230725
MRI,MRI-ESM2-0,r1i1p1f1,gn,ssp370,2065,2065-09,9,0.14969891126323187,5.113687204664268,0.5211176750273093,-4.963988293401036
MRI,MRI-ESM2-0,r1i1p1f1,gn,ssp370,2066,2066-09,9,0.32167743611165434,5.113687204664268,0.5211176750273093,-4.792009768552614
MRI,MRI-ESM2-0,r1i1p1f1,gn,ssp370,2067,2067-09,9,0.05444497718082816,5.113687204664268,0.5211176750273093,-5.05924222748344
MRI,MRI-ESM2-0,r1i1p1f1,gn,ssp370,2068,2068-09,9,0.052758023472536345,5.113687204664268,0.5211176750273093,-5.060929181191732
MRI,MRI-ESM2-0,r1i1p1f1,gn,ssp370,2069,2069-09,9,0.027103065928795307,5.113687204664268,0.5211176750273093,-5.086584138735473
MRI,MRI-ESM2-0,r1i1p1f1,gn,ssp370,2070,2070-10,10,0.02709440266105506,5.113687204664268,0.5211176750273093,-5.086592802003214
MRI,MRI-ESM2-0,r1i1p1f1,gn,ssp370,2071,2071-09,9,0.02057304248947853,5.113687204664268,0.5211176750273093,-5.09311416217479
MRI,MRI-ESM2-0,r1i1p1f1,gn,ssp370,2072,2072-09,9,0.09962574560541325,5.113687204664268,0.5211176750273093,-5.014061459058855
MRI,MRI-ESM2-0,r1i1p1f1,gn,ssp370,2073,2073-09,9,0.044294687698573004,5.113687204664268,0.5211176750273093,-5.069392516965696
MRI,MRI-ESM2-0,r1i1p1f1,gn,ssp370,2074,2074-09,9,0.048955405813993436,5.113687204664268,0.5211176750273093,-5.064731798850275
MRI,MRI-ESM2-0,r1i1p1f1,gn,ssp370,2075,2075-09,9,0.026261749481545887,5.113687204664268,0.5211176750273093,-5.087425455182722
MRI,MRI-ESM2-0,r1i1p1f1,gn,ssp370,2076,2076-09,9,0.01445952498754408,5.113687204664268,0.5211176750273093,-5.099227679676725
MRI,MRI-ESM2-0,r1i1p1f1,gn,ssp370,2077,2077-09,9,0.010081267729882345,5.113687204664268,0.5211176750273093,-5.103605936934386
MRI,MRI-ESM2-0,r1i1p1f1,gn,ssp370,2078,2078-09,9,0.015791166254362266,5.113687204664268,0.5211176750273093,-5.097896038409906
MRI,MRI-ESM2-0,r1i1p1f1,gn,ssp370,2079,2079-09,9,0.017237623948464887,5.113687204664268,0.5211176750273093,-5.096449580715803
MRI,MRI-ESM2-0,r1i1p1f1,gn,ssp370,2080,2080-09,9,0.03560860697147208,5.113687204664268,0.5211176750273093,-5.078078597692796
MRI,MRI-ESM2-0,r1i1p1f1,gn,ssp370,2081,2081-09,9,0.01640485642267419,5.113687204664268,0.5211176750273093,-5.0972823482415945
MRI,MRI-ESM2-0,r1i1p1f1,gn,ssp370,2082,2082-10,10,0.01615873411231741,5.113687204664268,0.5211176750273093,-5.097528470551951
MRI,MRI-ESM2-0,r1i1p1f1,gn,ssp370,2083,2083-09,9,0.016145564949720425,5.113687204664268,0.5211176750273093,-5.097541639714548
MRI,MRI-ESM2-0,r1i1p1f1,gn,ssp370,2084,2084-09,9,0.00890680355518853,5.113687204664268,0.5211176750273093,-5.10478040110908
MRI,MRI-ESM2-0,r1i1p1f1,gn,ssp370,2085,2085-09,9,0.011571295659311013,5.113687204664268,0.5211176750273093,-5.102115909004957
MRI,MRI-ESM2-0,r1i1p1f1,gn,ssp370,2086,2086-09,9,0.015850955125168206,5.113687204664268,0.5211176750273093,-5.0978362495391005
MRI,MRI-ESM2-0,r1i1p1f1,gn,ssp370,2087,2087-09,9,0.009761937340711426,5.113687204664268,0.5211176750273093,-5.1039252673235564
MRI,MRI-ESM2-0,r1i1p1f1,gn,ssp370,2088,2088-09,9,0.01578852673854612,5.113687204664268,0.5211176750273093,-5.0978986779257225
MRI,MRI-ESM2-0,r1i1p1f1,gn,ssp370,2089,2089-09,9,0.007428805834410849,5.113687204664268,0.5211176750273093,-5.1062583988298575
MRI,MRI-ESM2-0,r1i1p1f1,gn,ssp370,2090,2090-09,9,0.00949907654246433,5.113687204664268,0.5211176750273093,-5.104188128121804
MRI,MRI-ESM2-0,r1i1p1f1,gn,ssp370,2091,2091-09,9,0.005097287190739759,5.113687204664268,0.5211176750273093,-5.1085899174735285
MRI,MRI-ESM2-0,r1i1p1f1,gn,ssp370,2092,2092-09,9,0.008328523988919317,5.113687204664268,0.5211176750273093,-5.105358680675349
MRI,MRI-ESM2-0,r1i1p1f1,gn,ssp370,2093,2093-09,9,0.00866882172939426,5.113687204664268,0.5211176750273093,-5.105018382934874
MRI,MRI-ESM2-0,r1i1p1f1,gn,ssp370,2094,2094-09,9,0.009866951707967222,5.113687204664268,0.5211176750273093,-5.103820252956301
MRI,MRI-ESM2-0,r1i1p1f1,gn,ssp370,2095,2095-09,9,0.01456276190092118,5.113687204664268,0.5211176750273093,-5.0991244427633475
MRI,MRI-ESM2-0,r1i1p1f1,gn,ssp370,2096,2096-09,9,0.006539636327093813,5.113687204664268,0.5211176750273093,-5.107147568337174
MRI,MRI-ESM2-0,r1i1p1f1,gn,ssp370,2097,2097-09,9,0.00875509479270248,5.113687204664268,0.5211176750273093,-5.104932109871566
MRI,MRI-ESM2-0,r1i1p1f1,gn,ssp370,2098,2098-09,9,0.010721857773931533,5.113687204664268,0.5211176750273093,-5.102965346890337
MRI,MRI-ESM2-0,r1i1p1f1,gn,ssp370,2099,2099-09,9,0.006407076184400641,5.113687204664268,0.5211176750273093,-5.107280128479868
MRI,MRI-ESM2-0,r1i1p1f1,gn,ssp370,2100,2100-09,9,0.006731153394419485,5.113687204664268,0.5211176750273093,-5.106956051269849
